,column,real,synthetic
0,0,0.9758860530409008,0.6576113007835811
1,1,0.9976052889783057,0.7424634870151513
2,2,0.9975706932921483,0.7817861533019776
3,3,0.7890720533288044,0.510712112205616
4,4,0.8204234015825774,0.5722695585731332
5,5,0.8114840677142663,0.7075322105864352
6,6,0.9062177617730237,0.7979817051374118
7,7,0.8641348570276439,0.6858862914787017
8,8,0.8238837546152038,0.7060559351864513
9,9,0.8039105392327629,0.7441076755638854
10,10,0.799972547749192,0.7672593412443354
11,11,0.7332212891731545,0.38327839324944873
12,12,0.6046559874790822,0.5158929315086882
13,13,0.8187930266705179,0.664325775081841
14,14,0.698437534917054,0.6253569919597879
15,15,0.744875913238764,0.6432013606968466
16,16,0.8589063164621729,0.7607490545889679
17,17,0.697522828861671,0.5772197115587913
18,18,0.7912383842583625,0.6882916676763549
19,19,0.8647738686045138,0.725777095887983
20,20,0.7869044043362118,0.721476019588927
21,21,0.8664201096536819,0.7749972862689811
22,22,0.8625178952354695,0.6937969628550757
23,23,0.6958782446052406,0.5416727014396292
24,24,0.9998170817966778,0.9763050742255313
25,25,0.9911457279544698,0.9670529923790006
26,26,0.991176477634539,0.9892388537380117
27,27,0.9874126120130953,0.9842550770353029
28,28,0.7280106077758961,0.6486444872164191
29,29,0.7194384418639252,0.49474433730330236
30,30,0.676770796963409,0.4793926878436864
31,31,0.8357614883930673,0.5475521159731686
32,32,0.8218517631982387,0.5685832944569147
33,33,0.7414203470908889,0.5965863833574369
34,34,0.7290019990773489,0.4432108257727203
35,35,0.7580318937258715,0.4709729760776543
36,36,0.7817382289792019,0.6643297319897474
37,37,0.8187637066739336,0.331834520704377
38,38,0.9211522155047064,0.5581308640085711
39,39,0.8394601416494263,0.528261692224649
40,40,0.8434827339652843,0.583239631668875
41,41,0.815305729477241,0.5031864937388193
42,42,0.824270419569266,0.38354646746571974
43,43,0.9874255815771013,0.9223285523357377
44,44,0.7143004203615683,0.5
45,45,0.6870471198716994,0.5516259832550212
46,46,0.7900162221387671,0.5664388211138169
47,47,0.8202621730436662,0.7149332576740164
48,48,0.8604221027199751,0.5178530122359909
49,49,0.7902281961445897,0.6942138575628292
50,50,0.6652065042794034,0.5772364869004485
51,51,0.6636346049455435,0.42655804257186747
52,52,0.8442641995648776,0.3439114547029128
53,53,0.7632226839160363,0.6825755969072624
54,54,0.723991189756225,0.48929376189942886
55,55,0.7618139280111044,0.5976515764926597
56,56,0.7456665451030108,0.590980555603795
57,57,0.7927583079137497,0.3979521913373794
58,58,0.8743543357459017,0.7280909776603716
59,59,0.7683731085631029,0.5373473856475189
60,60,0.710790960473809,0.5701785129830258
61,61,0.8150329798840945,0.7060572302296602
62,62,0.8021586247548931,0.6139843853380972
63,63,0.7571827494205416,0.679646391735235
64,64,0.7591040059485081,0.384530160795613
65,65,0.9826422186985888,0.8781746416047889
66,66,0.8638112006459306,0.8277097890263161
67,67,0.8045251863156211,0.6118781482395413
68,68,0.8753161600051553,0.5849101058431202
69,69,0.9942908653846154,0.9830471362876254
70,70,0.9937819885656477,0.9806559999290066
71,71,0.8103276722379177,0.7628448453228944
72,72,0.9967227744643251,0.9858038436050364
73,73,0.8979920435018008,0.6527985059987602
74,74,0.8235151965796078,0.4614183474300586
75,75,0.8353719501242151,0.5666772348758298
76,76,0.7987795324144303,0.652359024864008
77,77,0.8402858628811497,0.6294544135256581
78,78,0.7747132268602968,0.42816941893921584
79,79,0.7028105442989261,0.46665535622574594
80,80,0.7453202972366003,0.48693283712473034
81,81,0.6350877733766934,0.439705315722146
82,82,0.9155699851880605,0.758479516685733
83,83,0.9721360440732538,0.7252556306179723
84,84,0.8340366743001257,0.6983643142911575
85,85,0.9736187382473067,0.6822985121707585
86,86,0.6741463589964776,0.43334771044497167
87,87,0.716970200255808,0.478456751236088
88,88,0.8214674717108138,0.6897070771574307
89,89,0.8690447304407201,0.6752046919104782
90,90,0.7403152748355672,0.4276995357309461
91,91,0.8500587090817838,0.7924759948530156
92,92,0.8548509844356067,0.3165910015501266
93,93,0.8305073770955274,0.49162245030104823
94,94,0.7024406042397895,0.37498782199308556
95,95,0.8051752373031885,0.5196134486352179
96,96,0.8393970349691288,0.4092917646395823
97,97,0.7312575000601724,0.4241870708418291
98,98,0.8827509774580387,0.5596724666885741
99,99,0.7810385892549596,0.650236446028241
100,100,0.7466515403497216,0.6291973157564447
101,101,0.7163500538680904,0.6816813272210268
102,102,0.9998604456435782,0.9656087969340981
103,103,0.833115814480657,0.5549897354870671
104,104,0.8980328253072156,0.49656614814822386
105,105,0.9995913539090224,0.800946338315948
106,106,0.9327374291190706,0.5039200643764238
107,107,0.7801395823595623,0.45525778179663146
108,108,0.9762330913136339,0.9024740981501437
109,109,0.9860786189839944,0.9046625930511982
110,110,0.8771019026991784,0.7493085517712038
111,111,0.7538492379655093,0.5977849169429523
112,112,0.7903380819330524,0.48681043317071154
113,113,0.7943938764462237,0.4184178721154209
114,114,0.8728414763892299,0.7031977295191765
115,115,0.7611924375598387,0.6893743909512143
116,116,0.7455754781494209,0.5326831848815754
117,117,0.8472195199824396,0.41250979042259706
118,118,0.9622350815733242,0.5902105897062015
119,119,0.8881994158410171,0.3778535020903728
120,120,0.767142499769967,0.5954910632131026
121,121,0.8563561749138077,0.5204687165162477
122,122,0.9258522421765781,0.6939133240133347
123,123,0.6807677580923954,0.45147349204575093
124,124,0.8039051498790866,0.5276767991167385
125,125,0.8347868217054264,0.6534237726098192
126,126,0.5658389766741911,0.6837579275502526
127,127,0.9002331778814123,0.644805401916992
128,128,0.6993081951822678,0.5251754556695365
129,129,0.8089834361487541,0.6110473034923648
130,130,0.6526591690677572,0.33444000371781757
131,131,0.8395386734935176,0.3435790074334536
132,132,0.8624197053780053,0.5699871310948907
133,133,0.7451722717775995,0.6201313466972431
134,134,0.6498762243030891,0.4021261270211868
135,135,0.7418728594586509,0.572512433707693
136,136,0.6671951192940409,0.33939034753241093
137,137,0.7771292982802183,0.38048996402641194
138,138,0.7888573960262193,0.43852454360593907
139,139,0.8284030046263285,0.4683950453512859
140,140,0.9435661329960617,0.7279385301950623
141,141,0.9498137516849605,0.4747571851530907
142,142,0.9703111687127238,0.7317252883080726
143,143,0.5675222413545702,0.6114937580714593
144,144,0.7962747782002537,0.5400323539578292
145,145,0.957087642180206,0.8208576366385829
146,146,0.9149615143081018,0.6811616474949674
147,147,0.6916666666666667,0.7327419354838709
148,148,0.9682453165374677,0.8802217915590009
149,149,0.7909575526192972,0.3703317827440839
150,150,0.946235396740866,0.6543809403774044
151,151,0.9348962254005808,0.9098827830949564
152,152,0.8727330708789777,0.48021251059598336
153,153,0.787684162795741,0.5701310124461065
154,154,0.891359012910004,0.5674872229667995
155,155,0.9259046039131711,0.6364646393713829
156,156,0.7434810000153659,0.5195377925290801
157,157,0.7597032577142242,0.6865570010393147
158,158,0.9298313184572831,0.6467208820197461
159,159,0.8754645596717608,0.6154288319359378
160,160,0.7608887210473313,0.40269385699899296
161,161,0.6714236712882726,0.46813468852301166
162,162,0.6144810990077653,0.52712130608283
163,163,0.6898619807183255,0.37839052892238667
164,164,0.7228422526428352,0.48039642824540874
165,165,0.9817629422027396,0.5785315335816575
166,166,0.9783001679162175,0.9692515479218315
167,167,0.7825835129310345,0.3328080100574713
168,168,0.8678447957520075,0.7151728073292737
169,169,0.8002474046527379,0.5765423917574115
170,170,0.9557827577457578,0.6215328658884862
171,171,0.9167493821681448,0.6369401497214406
172,172,0.3070652758361114,0.5421228089041832
173,173,0.9998762642565096,0.7880837099203788
174,174,0.7153690222537878,0.46551328716856055
175,175,0.790677647005772,0.613214172979798
176,176,0.7047982525034361,0.5558806204594542
177,177,0.9617609006936382,0.3995552851727188
178,178,0.8563537161111582,0.3967489328018545
179,179,0.9240926019646774,0.5838570371894621
180,180,0.748959371559906,0.43071046309244
181,181,0.7667396221353802,0.47255147018478666
182,182,0.7208914195955233,0.49352788140585113
183,183,0.6740047342371422,0.28762642565095764
184,184,0.7094999333035161,0.4962343949844244
185,185,0.6607407660116448,0.41136394650655017
186,186,0.6865323019936812,0.5352678941061118
187,187,0.8362350536433862,0.57084835169936
188,188,0.8976229758207631,0.462137141994479
189,189,0.6982686194294585,0.5510470468796344
190,190,0.9264287424397634,0.7131627594814494
191,191,0.8988990418173741,0.3756932546481375
192,192,0.9015600773338949,0.5386982127703018
193,193,0.9643585942498744,0.8181988135329912
194,194,0.970958774472112,0.7847983797774031
195,195,0.82341733228428,0.5588673213289779
196,196,0.8150025159945367,0.5635971533318956
197,197,0.9364464727485056,0.9242612824413405
198,198,0.9913965124491441,0.8915248336300967
199,199,0.9725165308319238,0.4604759341842226
200,200,0.8970168266628923,0.6576053019391044
201,201,0.7097851133970606,0.4474117685972282
202,202,0.7883966911422994,0.6258276791523376
203,203,0.8850655611939668,0.36558582780245075
204,204,0.9838409607192619,0.5799508142399163
205,205,0.9851141859189989,0.8300140965585804
206,206,0.9934795014961285,0.9285675725699479
207,207,0.7120492947534877,0.48168649971385147
208,208,0.8022262838106724,0.5821763960171817
209,209,0.5856534201417756,0.4800493636573039
210,210,0.8445018390307226,0.7223054593970863
211,211,0.684767134431564,0.43864932065841356
212,212,0.7342475909714797,0.40113919439122414
213,213,0.9983081004032119,0.6651494436662378
214,214,1.0,0.5790834143356014
215,215,0.9993397208167366,0.7105680554060357
216,216,0.8471233465964083,0.7558447144854286
217,217,0.8310630514310309,0.6567785668173015
218,218,0.9174792026793432,0.31051029962546817
219,219,0.7433410039631587,0.4159982657706482
220,220,0.6495963022278812,0.36423254317991155
221,221,0.7800074668472775,0.4484082688096743
222,222,0.7101073330158099,0.527134042311192
223,223,0.9804494650648496,0.38728707190245654
224,224,0.9910968177154823,0.8358240069707632
225,225,0.9755435969270355,0.7957062029226978
226,226,0.776636241409243,0.5331020165299325
227,227,0.9867873498058639,0.910976127287353
228,228,0.7970607712684039,0.34398293599457896
229,229,0.714404086532803,0.5618323485793649
230,230,0.6861797038676114,0.356016415181689
231,231,0.805330767755239,0.5425568263559201
232,232,0.9935576234788833,0.8406239070676563
233,233,0.42154919405645447,0.3152322561809493
234,234,0.6308003813680103,0.5667561112257836
235,235,0.7271013300425067,0.5106511135922901
236,236,0.7691844200559501,0.6883042823326877
237,237,0.9274184389017566,0.6568646593033569
238,238,0.9273392795780856,0.54164783120007
239,239,0.8222139785511213,0.42934030866077133
240,240,0.9503674855787532,0.8010863517905772
241,241,0.9370727191060675,0.7534792054339956
242,242,0.9781828598096731,0.7212767039522299
243,243,0.8401915131625282,0.33613633307814095
244,244,0.6696220338923609,0.5047715930531882
245,245,0.8256211552950332,0.532723976056233
246,246,0.7793109857845933,0.539430961282555
247,247,0.9833909162887786,0.35979835682923567
248,248,0.6828201974075271,0.4425540950494764
249,249,0.6870173812847884,0.3026184713492291
250,250,0.9577883646537472,0.47680071999452167
251,251,0.6598696763509377,0.5087302444468446
252,252,0.7889700286320046,0.4724091982781329
253,253,0.6252266839378238,0.4966833981001727
254,254,0.848656850967667,0.3243606504549228
255,255,0.7427500814597588,0.3816712821527961
256,256,0.8875010864841374,0.5680399826162538
257,257,0.37672043010752687,0.7801612903225806
258,258,0.6285898676992578,0.4916332457474762
259,259,0.602679301336172,0.4987354894369015
260,260,0.7027688172043011,0.6097311827956989
261,261,0.802717430271743,0.4677708467770847
262,262,0.9209194659776055,0.4474860034453058
263,263,0.79981806044129,0.4866554597432784
264,264,0.7732649596341082,0.4482369518265711
265,265,0.6898366508005193,0.4903577095052647
266,266,0.8511120968252963,0.4617916059396321
267,267,0.7776070130730117,0.5046634010446645
268,268,0.6800654550304448,0.38715932349455995
269,269,0.8465341156019122,0.3632225119513255
270,270,0.8132432141318398,0.6803425247738044
271,271,0.8221241125635296,0.5136521842308224
272,272,0.790435268518597,0.5921238495991059
273,273,0.7951400205721926,0.44317052430134496
274,274,0.7841403485959181,0.4010308185169619
275,275,0.7355296565679705,0.41809938338774033
276,276,0.6999674493320063,0.48342716621561854
277,277,0.7057563789215165,0.4963426729481776
278,278,0.6976384364190551,0.516151528309583
279,279,0.5534041822108777,0.39314009424700563
280,280,0.4251236293270264,0.3642227477961729
281,282,0.8596843895009033,0.6128000543138159
282,283,0.9644009407548437,0.6840718258856908
283,284,0.8865042180278575,0.5941009063303264
284,285,0.9479193828770099,0.4701390699695784
285,286,0.8663339551654192,0.6130686403742412
286,287,0.7660858855543793,0.46059387383555817
287,288,0.7078668705848081,0.4455669652610881
288,289,0.6222030981067126,0.4037085843373494
289,290,0.6498704506113628,0.4806513853515474
290,291,0.8220091483257097,0.4278538101218249
291,292,0.8233413972582655,0.4495957564904123
292,293,0.9621388484981275,0.7942357680662896
293,294,0.8399270639512224,0.49762739082623986
294,295,0.8057115950397317,0.45000240589513046
295,296,0.9164205369009414,0.6755062678577216
296,297,0.8134060581112139,0.3988199375664643
297,298,0.9159650824442289,0.7696087940510831
298,299,0.9253497144088803,0.6385386356288393
299,300,0.8265424187650685,0.3773351842266246
300,301,0.7118742834702525,0.4623920850778128
301,303,0.9011244526579955,0.5234806377106149
302,304,0.9517435260113779,0.730563013278436
303,305,0.6559719725256996,0.6300035341661673
304,306,0.8111314195606207,0.7667275920151955
305,307,0.7738739665877672,0.47986827210044253
306,308,0.9375536079999288,0.5880131474823875
307,309,0.7482636742970477,0.6340939478031855
308,310,0.6778247533484973,0.5041171072411811
309,311,0.9786707766685561,0.7999419103076411
310,312,0.8743603603603604,0.3998098098098098
311,313,0.7145688382880033,0.5205425539391384
312,314,0.691309862012987,0.3439140286796537
313,315,0.9204559126025598,0.5284667011161851
314,316,0.72204902171576,0.8175123629327027
315,317,0.9301019247122513,0.7786121790649116
316,318,0.9123173919729356,0.795709672458865
317,319,0.9085772707705553,0.7128892237049791
318,320,0.9863008786085709,0.6806287729364652
319,321,0.9793795718588639,0.4854977947504303
320,322,0.7982065919862129,0.5337516156828953
321,323,0.7586959017334404,0.34002636861091684
322,324,0.8369632366654234,0.5027051861867462
323,325,0.8991532550142789,0.47235714820951324
324,326,0.7830790673917182,0.49677750445126023
325,327,0.6870484991550476,0.5525095038101615
326,328,0.9512999417963156,0.5966306137096458
327,329,0.9445938194593819,0.6803613680361369
328,330,0.6353372585476708,0.3316031401714699
329,331,0.9555050559380378,0.3295234509466437
330,332,0.9326626383221492,0.8225962993498294
331,333,0.8056907930325653,0.7511541742710035
332,334,0.597965549562839,0.2787535149587424
333,335,0.8107066859896438,0.46014635957505423
334,336,0.8777054729503198,0.3917564417946139
335,337,0.7763339194455584,0.5390972843466906
336,338,0.7912569152883053,0.42806221646143877
337,339,0.9922008891979832,0.6858001539951815
338,340,0.9993009249300925,0.7707213020721303
339,341,0.6405953021337637,0.43510848126232743
340,342,0.7270456039686809,0.6587173510250434
341,343,0.8851942995521749,0.502656728953989
342,344,0.9032962049712325,0.5035682906782303
343,345,0.7905640385405966,0.5601689257096567
344,346,0.8069505712023528,0.2662826089191885
345,347,0.7325934390837636,0.4420023994859149
346,348,0.8145477663549953,0.4416084295602367
347,349,0.723674303538776,0.4695677561118026
348,350,0.9976321171025724,0.6781417914772775
349,351,0.9896790343844097,0.6473687180355282
350,352,0.8083693248409218,0.5458790770356728
351,353,0.7499532743871756,0.5079074114010496
352,354,0.8559408602150538,0.7547311827956988
353,355,0.652644297797193,0.4605558137373361
354,356,0.672207876049064,0.23330105444372712
355,357,0.9110901424232595,0.35807704026970977
356,358,0.8516693372030917,0.55701119385855
357,359,0.8210303871872304,0.4305604238567731
358,360,0.8783796387198115,0.36191341056351856
359,361,0.6732430204637494,0.4008708740995592
360,362,0.9389028257287864,0.6841484314845633
361,363,0.6995201181247692,0.30296843728262807
362,364,0.682532027863023,0.32910943056164454
363,365,0.36943428694342867,0.44853731985373196
364,366,0.8574252366609294,0.28900871342512907
365,367,0.9864353938157187,0.5795992404274013
366,368,0.9480234863408052,0.8099810614457907
367,369,0.6914839961202716,0.4399870675719366
368,370,0.5288594581427994,0.4133588466763597
369,371,0.9294916985062244,0.6024869046479331
370,372,0.7996715223501037,0.44942529025617217
371,373,0.7092896910919539,0.41265265804597695
372,374,0.8233013013013013,0.3317157157157158
373,375,0.9689652240455743,0.3946149703823371
374,376,0.6257231960425852,0.5502742230347349
375,377,0.8115265770729435,0.42849637043179933
376,378,0.6709086669536519,0.45959786196010904
377,379,0.9613071450840348,0.696924864665703
378,380,0.9993305839459685,0.5126890203813281
379,381,0.5585388672246923,0.4380583360241094
380,382,0.8068758325539211,0.5628262902814386
381,383,0.8138156616611828,0.41450003599118557
382,384,0.8270214254952626,0.5229395456503014
383,385,0.660135854202002,0.37093850809804124
384,386,0.7910427089677259,0.6218327802853083
385,387,0.8371899326207435,0.40823866626598104
386,388,0.6691956311674621,0.37198617902843256
387,389,0.5278211058519793,0.370401247848537
388,390,0.984772353601008,0.4549086494875459
389,391,0.9857035364936042,0.6306567773836397
390,392,0.9263709677419355,0.8341935483870968
391,393,0.9852823453050626,0.46791432280398093
392,394,0.7988749856503272,0.3378695693010927
393,395,0.4871706635122056,0.4010968921389396
394,396,0.6465348074760093,0.4415727379328499
395,397,0.9052586299602108,0.8496827615872675
396,398,0.7594968041232998,0.5680835519145317
397,399,0.9805755653513959,0.7402788230656202
398,400,0.9934313145438899,0.6673905443201377
399,401,0.824936824779779,0.4584777168404028
400,403,0.6177498971616618,0.33613935084523316
401,404,0.8474560015345514,0.46338956025511924
402,405,0.5626199915934884,0.43058663819055515
403,406,0.8106810739001482,0.4615032593919921
404,407,0.6382765396210164,0.5423395779500431
405,408,0.7094852624784853,0.4233944707401033
406,409,0.8552040594305608,0.47843038977993285
407,410,0.5519375672766416,0.4112640319852376
408,411,0.7172771552898106,0.4909075937901811
409,412,0.8769662315244362,0.5868625063575975
410,413,0.7029248841469986,0.3040327621510938
411,414,0.6282595304907261,0.4737355417151461
412,415,0.4616397849462366,0.38604838709677414
413,416,0.6417439436417224,0.41783480698727626
414,417,0.8074072777860412,0.36054701512778564
415,418,0.8739755889399594,0.6462170054806634
416,419,0.8837925073666162,0.38425863030127
417,420,0.8630836504504857,0.4378466685579566
418,421,0.03600988928302695,0.20778243577340638
419,422,0.8119367673943435,0.3648564361759329
420,423,0.701463176851865,0.4205838022610508
421,424,0.8421165842116585,0.3768193876819388
422,425,0.9066996451231316,0.892311001182923
423,426,0.9383347849028297,0.6800783211804122
424,427,0.7342398578986852,0.4532801110236896
425,428,0.6726333019132297,0.4902395995210557
426,429,0.8994158238195847,0.45874460679368323
427,430,0.8680338190322001,0.5600204796103339
428,431,0.8633497996850361,0.7384261040406683
429,432,0.6183265526632047,0.41979514658375505
430,433,0.787330170368773,0.5575012579972684
431,434,0.7354813096544615,0.5272685323755363
432,435,0.8820844006250705,0.5186846535530746
433,436,0.8896304697568016,0.5383761200290303
434,437,0.7739579204861687,0.45450370976471444
435,438,0.7489207245013627,0.5353604418397125
436,439,0.7748688963290973,0.3796306296576304
437,440,0.5755751451300796,0.45431090088153087
438,441,0.9822637858755241,0.9109964527571751
439,442,0.865113113113113,0.5685585585585585
440,443,0.576124175109211,0.30170090157077795
441,444,0.7948694534632035,0.37707656926406924
442,445,0.9903593716376158,0.7182375726275017
443,446,0.8803959974451778,0.5230764317649563
444,447,0.8842183471432226,0.6630879043738971
445,448,0.8186011110227543,0.3266497779090506
446,449,0.872854351505788,0.5837072716325673
447,450,0.8574255296268416,0.6628884826325412
448,451,0.744489863382941,0.5286171098721559
449,452,0.6971974019449528,0.545570029066638
450,453,0.8423055476751807,0.7397063283214149
451,454,0.8729184688581314,0.40286702916460704
452,455,0.7812567407247628,0.34005271246764457
453,456,0.7414788991865772,0.6421506107757277
454,457,0.9353626936112929,0.3718773444857695
455,458,0.5734388335338454,0.5372541156389137
456,459,0.8167528596540393,0.6224985988332101
457,460,0.9341876795894221,0.48694663409087413
458,461,0.5457721699245754,0.3556212380881415
459,462,0.6193327509932656,0.458048033663013
460,463,0.9119129685480396,0.6457615252046532
461,464,0.6314092228313446,0.1737074062130496
462,466,0.9432441148016768,0.6265720735246695
463,467,0.7316396156330749,0.658447055340224
464,468,0.6855503954110715,0.32918361714127997
465,469,0.7637841235632183,0.40897090517241386
466,470,0.8691590290181839,0.39161810781529094
467,471,0.7541330464407388,0.40046620046620046
468,472,0.5574070092453236,0.7898838959363579
469,473,0.9495924165925231,0.5788329892426383
470,474,0.8627286421347107,0.7711426726920595
471,475,0.9956772851198163,0.7137322427894963
472,476,0.9996605482559632,0.7750759626768668
473,477,0.9996677442528735,0.8214484554597702
474,478,0.7071730458312881,0.4930846417048796
475,479,0.8378753710182898,0.706858241995125
476,480,0.5436056464787767,0.40326540993709825
477,481,0.8969354838709677,0.6379569892473118
478,482,0.9313153643397669,0.3711305727970977
479,483,0.9748247062483548,0.7426053557326442
480,484,0.9798552528465403,0.7377034066288665
481,485,0.8844656066660997,0.3235099056202704
482,486,0.5691502705802244,0.4832096907142601
483,487,0.6101494462960972,0.48625595814070166
484,488,0.6460976134164695,0.580681573855085
485,489,0.9528366125506218,0.7683761602695052
486,490,0.9670502401849244,0.6796966085166323
487,491,0.8454091333046347,0.3905824006313675
488,492,0.32844771944922546,0.30792814113597244
489,493,0.7740655271019514,0.5875512995896033
490,494,0.9096713305759473,0.8033177306671564
491,495,0.8506031882809134,0.6507755277897458
492,496,0.3989919943453341,0.38806681110650126
493,497,0.8521346381331326,0.8516614689751587
494,498,0.7210824061098934,0.6132729689914125
495,499,0.981833817048264,0.8406965495001613
496,500,0.8257583907056799,0.5626344664371773
497,501,0.8225818852837152,0.515200676610795
498,502,0.5690701506006641,0.4476623365871025
499,503,0.9361965168780908,0.6404536658783058
500,504,0.9980288857828907,0.6136616134465828
501,505,0.8579516212043232,0.6111999970164171
502,506,0.8119602924252586,0.7075333449243685
503,507,0.7707300646551725,0.5422458692528735
504,508,0.8172756099782255,0.6543304935297186
505,509,0.9269521602701882,0.7177210343181148
506,510,0.914516115678531,0.6610036180588328
507,511,0.8152471788248347,0.7672602932531897
508,512,0.9345990191836144,0.8039773546805135
509,513,0.8019139984050014,0.4719802733497722
510,514,0.6490425761832721,0.41610330667819323
511,515,0.9594543316640354,0.8420475679625978
512,516,0.8137648089245377,0.7702331013076416
513,518,0.8184683992003691,0.8711210210671998
514,519,0.7169283716928372,0.7402308740230874
515,520,0.8047742679936534,0.519603706908986
516,521,0.7277083710543786,0.489096286054461
517,522,0.7130040640782829,0.5662496547506313
518,523,0.002794797377190128,0.07986670966354936
519,524,0.5842792427727521,0.4833390329940084
520,525,0.8823371317996129,0.7416684583960438
521,526,0.8373532483434168,0.5424094281186977
522,527,0.5937455100574713,0.532556573275862
523,528,0.5113721960811167,0.30471615976834954
524,529,0.4439617163135821,0.283600387138402
525,530,0.5666272316627232,0.48116082311608227
526,531,0.671928617901292,0.5266028441304954
527,532,0.9145656152438368,0.5817633760361718
528,533,0.6460619795485417,0.39480875886907896
529,534,0.7072273651874299,0.4974691076148172
530,535,0.4129219522683294,0.4360352612341432
531,536,0.660458018254209,0.4560226172192168
532,537,0.8387093506914434,0.5298668881446269
533,538,0.8415334039115173,0.4178722366023865
534,539,0.6349423302514099,0.48157481660241963
535,540,0.8553143102997895,0.4316446165429708
536,541,0.642475727310993,0.36335806695122497
537,542,0.6766839192006325,0.4880418373948674
538,543,0.26813635874825253,0.3852887407248092
539,544,0.8801933693531149,0.6565177173525787
540,545,0.5895412005163512,0.26313737091222034
541,546,0.7720119022011902,0.47840037284003734
542,547,0.8492806500252276,0.42615762411812913
543,548,0.7647564777980862,0.3152349209762391
544,549,0.730011167745261,0.5306287345131053
545,550,0.855641936365217,0.7969499018901667
546,551,0.6896703257282251,0.6558150380255416
547,552,0.7420698924731183,0.7838978494623655
548,553,0.8359168034026639,0.5581468682109432
549,554,0.3509427004102706,0.3364065213048756
550,555,0.5690558186253408,0.4265048787487444
551,556,0.5375350442096184,0.41730644813456974
552,557,0.6873618403967596,0.49019185578829355
553,558,0.822851141749246,0.465925247738044
554,559,0.9350020744018808,0.4559842652775856
555,560,0.9018635817803484,0.5849703458580452
556,561,0.8817609191153822,0.7093805827635065
557,562,0.833252688172043,0.5543279569892473
558,563,0.6440085635449704,0.39669638297972015
559,564,0.9657121989920485,0.44739278598886056
560,565,0.9997849462365591,0.45220430107526877
561,566,0.9995162330681573,0.6758761556654482
562,567,0.9538875147865362,0.8099580600064523
563,568,0.9398927895021645,0.3039282332251082
564,569,0.9969957352902186,0.33592900716495716
565,570,0.9505408380596836,0.4641036686050686
566,571,0.8417896513339798,0.7275921679670467
567,572,0.9959433918775642,0.6954624379600178
568,573,0.9983874435605247,0.934691464201247
569,574,0.8387478485370052,0.7485746557659209
570,575,0.7403617513053311,0.41072824171073197
571,576,0.3918270781804495,0.5810732336810409
572,577,0.7325110357450473,0.5999273255813953
573,578,0.7492113956434266,0.24271627629716103
574,579,0.4284177691728515,0.5321071313326879
575,580,0.9966194932313035,0.33132039521197315
576,581,0.906581073038007,0.7339483604001926
577,582,0.8033433778160424,0.5640515138470369
578,583,0.9988348748834875,0.8707607370760737
579,584,0.7997200387638634,0.5659840764129491
580,585,0.6751669538991814,0.36620529943989666
581,586,0.9527260995806,0.8686740509732229
582,587,0.9650852841007576,0.7346284836247968
583,588,0.6328125,0.5523074440619622
584,590,0.5065860215053763,0.47284946236559144
585,591,0.8627745626454053,0.46511926347250854
586,592,0.8340466716851274,0.6626949134315518
587,593,0.4483747267318926,0.4981543203239795
588,594,0.479413493620791,0.3848389260077992
589,595,0.8362730336273034,0.5837814583781458
590,596,0.9274255980709436,0.6285392474141761
591,597,0.8812102533315649,0.4863613517532164
592,598,0.7341382535498683,0.4748008956154522
593,599,0.9342510934251094,0.3988492148849214
594,600,0.7988170771050651,0.39834390794709107
595,601,0.7625593696027634,0.5035270941278066
596,602,0.6728278806141483,0.6096014492753623
597,603,0.9911646748492678,0.5993015180878554
598,604,0.6077725220382714,0.44963448720705224
599,606,0.8416681111012213,0.6403639038147125
600,607,0.8697985545133016,0.8764877748731355
601,608,0.9066881836112606,0.9126053433745742
602,609,0.9580356182485903,0.6331689177768558
603,610,0.6929038935554119,0.6131123315863785
604,611,0.8552631578947368,0.43026571392868096
605,612,0.5705679862306368,0.6280120481927711
606,614,0.8209291539985852,0.48585469144535587
607,615,0.7456460976134164,0.8867985379488282
608,616,0.6373502831010454,0.4285623548199768
609,617,0.6553131730099591,0.34212407401874145
610,618,0.5172175356105656,0.3513883126661443
611,619,0.6693925989858669,0.3458933773099271
612,620,0.6474752368647717,0.44733123385012924
613,621,0.5976834958864443,0.3859307592224842
614,622,0.7636870416307161,0.5849836874460742
615,623,0.693702906350915,0.6764108872827925
616,624,0.9610169099981518,0.7680727530339433
617,625,0.4336235622917338,0.6229173384929593
618,626,0.774537236332329,0.4038778877887789
619,627,0.657635379708275,0.541769702182561
620,628,0.7581139102199104,0.42655032496678513
621,630,0.6680956990734338,0.47505339664100554
622,631,0.5804817902994621,0.43635775164526913
623,632,0.49585887920834676,0.14172006330767223
624,633,0.588825574311006,0.40131885460344763
625,634,0.8602601311404923,0.7811458669246479
626,636,0.5619354838709678,0.8323118279569892
627,637,0.6764387538921633,0.45036241362859913
628,638,0.9869114168995914,0.8147978929262525
629,639,0.907680177758664,0.8514496649105832
630,641,0.641450461118886,0.5428822621738973
631,642,0.7310793377768222,0.5092990754676414
632,643,0.5031330679862307,0.5136617900172117
633,644,0.8319273498363527,0.4137740284884525
634,645,0.48983980217180945,0.504856108662151
635,646,0.7479138745683457,0.4225076548330611
636,647,0.8805962117950925,0.6850785622040465
637,648,0.6935109635980885,0.6948478003657094
638,649,0.5851079085107909,0.5839069333906933
639,650,0.7194453402128346,0.3397828657422337
640,651,0.6977306947730695,0.74153939915394
641,652,0.9811559139784947,0.749247311827957
642,653,0.674908621801763,0.7337131799612986
643,654,0.40817292181955045,0.3152597053446607
644,655,0.7026468689477081,0.5402517753389283
645,658,0.5947193880046565,0.4282597849798969
646,659,0.5849279724790368,0.44076542678993763
647,660,0.7693231519323152,0.4907148490714849
648,661,0.6292628939687763,0.4479686979686979
649,662,0.8110564354913117,0.5450253729048132
650,663,0.9962105716438798,0.5510891018050024
651,664,0.8160856466537552,0.6666236281471918
652,665,0.5717604043445532,0.684073556296376
653,666,0.8755240245082232,0.9965602493819198
654,667,0.858932520470982,0.7333213794752256
655,668,0.8567140090380891,0.776834516892619
656,669,0.8950525402365102,0.8230670323475573
657,670,0.5579029182751463,0.5109141799806513
658,671,0.2954960765344512,0.28496184026658067
659,672,0.8325327959461177,0.5070091857996732
660,674,0.7551349607484676,0.6458974083234756
661,675,0.5387144854715038,0.5974431076076768
662,676,0.7640829929047516,0.5380025800903032
663,677,0.6057737134660212,0.6628653397884168
664,678,0.9302300580520318,0.872554289400129
665,680,0.7959717593090349,0.7322151739956277
666,681,0.642593389259339,0.45911307091130704
667,682,0.99828012469096,0.16768784263140923
668,683,0.9993367749336775,0.4070230157023016
669,684,0.6570629972049021,0.5827241453450871
670,685,0.6432695413436692,0.4289001937984497
671,686,0.4983027303053129,0.5278557663148216
672,687,0.615268817204301,0.6106720430107527
673,689,0.9179696741585117,0.5711366813635874
674,690,0.5695444934236461,0.5160735404795184
675,691,0.6345629884562989,0.30355990535599053
676,692,0.5127391958718555,0.48301440550419267
677,695,0.999820749982075,0.8129167562916757
678,696,0.6431313784254961,0.2482076746782629
679,697,0.6763618083234587,0.46052435840219963
680,698,0.9699212637540051,0.5728620749608803
681,699,0.5664264974728466,0.47901924938165397
682,700,0.8657340116279069,0.5401660745047373
683,701,0.805236712303508,0.673781096820787
684,702,0.9864545259084068,0.9627499462481187
685,706,0.687046982964251,0.5681712090200725
686,708,0.8914095258574346,0.5715872845213775
687,709,0.7424462365591398,0.6594086021505376
688,711,0.9114168995914858,0.9834981724360352
689,712,0.5535006462731581,0.4123115036622146
690,714,0.7026237136020799,0.7449309919442306
691,715,0.8345843639100978,0.31242069039681686
692,716,0.8867677636767763,0.7418441241844125
693,717,0.6522758726741503,0.5351991388589882
694,719,0.8516792137279059,0.6155539835943465
695,720,0.9733419327098786,0.7348167257873804
696,722,0.9924674486172389,0.8376784089686273
697,723,0.7525148406646631,0.22827715820935068
698,724,0.7181451612903226,0.6289516129032258
699,725,0.5244033541173941,0.4634487207052247
700,726,0.5402600197607192,0.3613668156872719
701,727,0.7121098089811131,0.5964591620972655
702,729,0.7191464201247044,0.494786067512363
703,731,0.8013434495623475,0.6487480269766106
704,732,0.7186682435580403,0.6260258753539045
705,733,0.6576797785234244,0.5690500180976885
706,734,0.9988174586110514,0.9578047731670608
707,735,0.9998026976610704,0.8052715597646721
708,736,0.7940828102534219,0.7312118774504526
709,737,0.7247615974761598,0.6716677421667743
710,738,0.25722885090830916,0.13361281307105233
711,739,0.672830878400172,0.5772497580905279
712,740,0.8110287004192196,0.42233688057615826
713,741,0.823163781051726,0.7611786213571352
714,742,0.9242179941954208,0.9095990540685801
715,744,0.5918352704835701,0.38673052087817483
716,745,0.9960380736233528,0.8438609706230497
717,746,0.9986739777084901,0.7875138873956204
718,747,0.48393126075731496,0.5680131239242685
719,748,0.9996638339070568,0.6710950946643718
720,749,0.99956979995698,0.805657130565713
721,751,0.6917519755747126,0.49362877155172413
722,752,0.6370135454740915,0.7887013545474092
723,753,0.5196932229509371,0.5258574346844426
724,754,0.5639063845822567,0.37922588285960374
725,755,0.5630577357273412,0.5954556857685553
726,756,0.910483870967742,0.5851344086021506
727,758,0.9994265849550228,0.7765473246604309
728,759,0.8698118279569893,0.5187096774193549
729,760,0.99914006234548,0.618187681393099
730,761,0.9847278984727899,0.6392772639277264
731,762,0.9974462365591398,0.8998118279569893
732,763,0.4491617879807619,0.3850397209545322
733,764,0.6233605676198666,0.6863577725220382
734,765,0.9088270078486185,0.6277461204888364
735,766,0.723570370002401,0.590306582880041
736,767,0.5789779117907483,0.5727738291813242
737,768,0.5562484320682364,0.5000895961007776
738,769,0.42880693832204414,0.6226212235243522
739,770,0.2791335196731886,0.612072672543539
740,771,0.059019565684798936,0.12196301870565468
741,772,0.9989250779318499,0.5495001612383102
742,776,0.9914784946236559,0.8671505376344086
743,777,0.7535421671902913,0.6226282880551961
744,778,0.7954496557659209,0.42239941910499135
745,779,0.9230121173012118,0.791783179178318
746,780,0.18886380737396535,0.43254864022358375
747,781,0.4852182326381423,0.532466136314771
748,782,0.5873387096774194,0.581478494623656
749,783,0.2124274349602236,0.18178886261019134
750,786,0.6039425559380378,0.681220417383821
751,788,0.9802214339460389,0.90723422551865
752,789,0.35992545604415294,0.4580511056158836
753,790,0.3126883340507964,0.3270106901994547
754,792,0.5295430107526882,0.4519623655913979
755,793,0.9213609976349173,0.571920017200602
756,795,0.9792540040847039,0.8570353649360422
757,796,0.08986348489734497,0.10609480812641081
758,798,0.7445873476851212,0.6590912583168149
759,799,0.6075679357567936,0.5396501039650103
760,802,0.9204386625094075,0.4830304985127047
761,803,0.5467870838261117,0.6360248002006952
762,804,0.5673511072887552,0.8449795742851
763,805,0.7616589068670385,0.32016472287527464
764,806,0.21820917983446197,0.3200042996882726
765,807,0.8176198666953344,0.9092668243388519
766,808,0.14930667526604324,0.1544663011931635
767,810,0.39116414059980653,0.526496828979899
768,812,0.617005267118134,0.8861657529829088
769,814,0.8458949891670123,0.7690499239385976
770,815,0.7583602150537634,0.5623924731182796
771,816,0.6877755080098914,0.6664157975844891
772,817,0.7028058482046873,0.7128574500107504
773,818,0.7490388660086282,0.5754869256429571
774,819,0.3906790208823123,0.3978856466755789
775,820,0.8093420769726941,0.40813803483121913
776,821,0.5749560979106189,0.3551231050424686
777,822,0.7913440860215053,0.7900537634408602
778,825,0.9982971248297124,0.797447479744748
779,826,0.8625174674836075,0.8640223583790175
780,827,0.9188346592130724,0.19468931412599438
781,828,0.7170499789675513,0.6255441534683975
782,830,0.3308610125765882,0.28130710523487046
783,832,0.7772043010752688,0.6457526881720429
784,834,0.9203355199483815,0.7186579202064738
785,835,0.9923002409279451,0.8660490300787363
786,836,0.34032032677630875,0.981296356014189
787,837,0.5645430107526882,0.2818548387096774
788,840,0.48035419803541984,0.5350075285007528
789,841,0.9568372393033756,0.8050956783487422
790,842,0.7298967963878735,0.5794452805848205
791,843,0.9244623655913978,0.6279569892473118
792,845,0.13526881720430106,0.4266129032258064
793,846,0.6250806798623063,0.3547896944922547
794,847,0.5546119114168996,0.45640722425284885
795,849,0.424758064516129,0.33596774193548384
796,850,0.6820967741935484,0.584274193548387
797,851,0.3566437325306386,0.45441840464416255
798,852,0.6550741775962159,0.6592668243388519
799,853,0.10833960506038776,0.21313120452997883
800,854,0.5808238330823833,0.5081021008102101
801,855,0.5973655913978495,0.7558870967741935
802,857,0.5149430230058052,0.45662223177811223
803,859,0.8693969687197678,0.7112759324948942
804,861,0.9359277574715115,0.8188561599655988
805,862,0.034612490594431944,0.023648285499301314
806,863,0.8411265183274214,0.8783188218854133
807,864,0.46447000645022574,0.33277789722640294
808,865,0.9277855427731785,0.2995735225602981
809,867,0.7691267536378863,0.5089660259069746
810,868,0.4946791357626572,0.24948941201762875
811,869,0.44941947968178886,0.21119114168995917
812,870,0.6497849462365591,0.4320698924731182
813,871,0.9198573169857317,0.9267225926722593
814,872,0.9331523583305057,0.4776557567531439
815,873,0.27828548901551803,0.12905422356019064
816,874,0.8355729950548269,0.6717372608041281
817,875,0.7674300304236816,0.4711855453273725
818,876,0.7052591955259195,0.45861117086111713
819,877,0.4980640998064099,0.18279916827991682
820,878,0.25013436525851873,0.345694937117059
821,879,0.8511232935612169,0.42889390519187354
822,880,0.9865634741481243,0.8885305815328388
823,881,0.8659283947962584,0.8668601942443465
824,882,0.7689992475545524,0.8562829194883371
825,883,0.8276177166200818,0.8593313265964309
826,884,0.9906461670788087,0.7529656309357418
827,885,0.9162751778136393,0.6184448030601877
828,888,0.4599010965383788,0.4328101483551925
829,889,0.9424854869920447,0.9366802838099333
830,890,0.6932490731048786,0.415728358588576
831,891,0.8983123723530044,0.4222293883693432
832,894,0.8584327636246372,0.8067290121466194
833,895,0.9603353756852628,0.8764914543695582
834,897,0.25344012040421415,0.18221887766071815
835,899,0.8341395248844459,0.8468236052886167
836,901,0.6858339121332773,0.6106844839224048
837,902,0.6287495968175465,0.668207719600043
838,905,0.5572995054826919,0.7183938937862825
839,907,0.4204020208534881,0.2593786950446093
840,908,0.10256961617030423,0.30613195713722535
841,909,0.9850585832527141,0.6053961087821134
842,912,0.6191935483870967,0.42053763440860215
843,913,0.6552700426477439,0.1427445077590223
844,914,0.9970254094541806,0.7810988065799376
845,915,0.628110549521454,0.40890418324551026
846,917,0.9092212306920403,0.9542343117227537
847,920,0.3663334408255402,0.5553047404063205
848,921,0.4439665985736301,0.8511629573880946
849,922,0.9489894646312621,0.9552246828639002
850,923,0.8734680713824983,0.7222640292410235
851,924,0.9959152961410297,0.8752015478877782
852,925,0.9986026013114049,0.7533053853595615
853,927,0.1796581012794323,0.09701465792208722
854,928,0.49034154033616456,0.4801275848475074
855,930,0.9278649752741346,0.6678133734680713
856,931,0.9449879941224958,0.7882306562018421
857,937,0.6576712181485862,0.642869942300111
858,938,0.9908631624207245,0.999247554552295
859,941,0.6648392991508116,0.38191981081371595
860,942,0.5550956783487422,0.21253493872285528
861,943,0.6746313636852869,0.5418643352127369
862,944,0.07728689669998923,0.25561646780608405
863,947,0.9861857665018275,0.9093205762201677
864,949,0.6018606380168846,0.5789597253064378
865,950,0.556159030615903,0.6039650103965011
866,952,0.9941954208319896,1.0
867,953,0.531161523850482,0.6876679926889582
868,959,0.36981294345302085,0.592560739625887
869,960,0.6283594925822404,0.5128466996344871
870,961,0.584820468716405,0.39991399698989466
871,963,0.5583145221971407,0.8080189186283995
872,965,0.7222401375900247,0.8217779211007202
873,966,0.2943769487151919,0.5872486829373185
874,967,0.7455470737913485,0.7015374690893452
875,968,0.6292593786950447,0.5886273245189724
876,972,0.9339997850155863,0.946146404385682
877,973,0.9108889605503602,0.4322261636031388
878,978,0.8701494141674728,0.8758465011286682
879,980,0.5038163835734251,0.4589873145560095
880,983,0.6421550704376815,0.6888482632541133
881,985,0.516770586970544,0.6784562459686089
882,987,0.5087615566544829,0.5404214147495162
883,991,0.50415860041586,0.40876174087617406
884,992,0.9506610770719123,0.6261421046974094
885,996,0.6988819608686305,0.5595033326166415
886,1000,0.25884123401053427,0.5757282597011717
887,1002,0.3674193548387097,0.49556451612903224
888,1004,0.2542190691174889,0.24486724712458352
889,1005,1.0,0.673976136730087
890,1007,0.5,0.28152208964850045
891,1008,0.5,0.8992798022143396
892,1009,0.5,0.6067512362932702
893,1010,0.5,0.015908846608620908
894,1011,0.5,0.7504417707709092
895,1012,0.5,0.5143625605164067
896,1013,0.5,0.011931634956465653
897,1014,0.5,0.27969472213264535
898,1015,0.5,0.848618428126008
899,1016,0.5,0.37631692109223824
900,1017,0.5,0.8010319251854241
901,1018,0.5,0.8015983944378741
902,1019,0.5,0.6121801763061707
903,1020,0.5,0.6249731240593421
904,1021,0.5,0.6498978824035258
905,1022,0.5,0.6187916577080198
906,1023,0.5,0.797839174371103
907,1024,0.5,0.9720520262280985
908,1025,0.5,0.9872084273890143
909,1026,0.5,0.7651148622011971
910,1027,0.5,0.10589120619221676
911,1028,0.5,0.40141904966673836
912,1029,0.5,0.4602773597075898
913,1030,0.5,0.7272177419354839
914,1031,0.5,0.5411201892066222
915,1032,0.5,0.8437432810148355
916,1033,0.5,0.5763732129420617
917,1034,0.5,0.38912178867032143
918,1035,0.5,0.8786412985058583
919,1036,0.5,0.8343545092980759
920,1037,0.5,0.6580672901214661
921,1038,0.5,0.2618510158013544
922,1039,0.5,0.34214769429216385
923,1040,0.5,0.599806514027733
924,1041,0.5,0.9337848006019565
