,real,synthetic
0,0.0011822871883061048,0.0011822871883061048
1,0.008705932932072226,0.0010748065348237317
2,0.009995700773860704,0.0005374032674118659
3,0.11006018916595013,0.018056749785038694
4,0.030309544282029234,0.02063628546861565
5,0.44529234737747203,0.3967110920034394
6,0.2739681857265692,0.3233018056749785
7,0.038370593293207224,0.0749140154772141
8,0.11844368013757524,0.1638005159071367
9,0.19862424763542563,0.16057609630266553
10,0.34350816852966465,0.2691315563198624
11,0.052987962166809975,0.003869303525365434
12,0.007631126397248496,0.006448839208942391
13,0.007738607050730868,0.004836629406706793
14,0.12736457437661222,0.088134135855546
15,0.13037403267411865,0.030631986242476355
16,0.0929707652622528,0.12671969045571796
17,0.17648323301805674,0.11188736027515048
18,0.25548151332760105,0.24709802235597592
19,0.06706792777300086,0.13155631986242478
20,0.34909716251074807,0.30588993981083407
21,0.21840068787618228,0.25096732588134135
22,0.0721195184866724,0.07082975064488392
23,0.017949269131556318,0.01354256233877902
24,0.05578245915735168,0.3115864144453998
25,0.021711092003439382,0.1362854686156492
26,0.045464316423043855,0.29180997420464316
27,0.04976354256233878,0.3244840928632846
28,0.08233018056749786,0.09748495270851247
29,0.033748925193465173,0.013865004299226139
30,0.08361994840928633,0.0013972484952708513
31,0.017734307824591573,0.012790197764402407
32,0.06040412725709372,0.018486672398968184
33,0.043422184006878764,0.018486672398968184
34,0.0015047291487532244,0.008490971625107481
35,0.011392949269131557,0.014832330180567498
36,0.10189165950128977,0.12811693895098883
37,0.025580395528804815,0.005588993981083405
38,0.019239036973344798,0.009565778159931213
39,0.01837919174548581,0.005374032674118658
40,0.020098882201203785,0.020743766122098023
41,0.03869303525365434,0.0176268271711092
42,0.07018486672398969,0.0009673258813413585
43,0.12757953568357697,0.16294067067927773
44,0.015154772141014617,0.0
45,0.07792347377472054,0.03751074806534824
46,0.03718830610490112,0.021173688736027516
47,0.11607910576096303,0.13392089423903697
48,0.08061049011177988,0.009995700773860704
49,0.18013757523645743,0.06857265692175409
50,0.11188736027515048,0.09340068787618229
51,0.020421324161650902,0.019883920894239036
52,0.013865004299226139,0.0023645743766122097
53,0.09780739466895959,0.11167239896818573
54,0.04030524505588994,0.01837919174548581
55,0.13080395528804814,0.05857695614789338
56,0.13907996560619088,0.102536543422184
57,0.009995700773860704,0.005911435941530524
58,0.10554600171969046,0.0637360275150473
59,0.028482373172828892,0.0022570937231298368
60,0.0308469475494411,0.028912295786758385
61,0.27891229578675836,0.24322871883061048
62,0.024613069647463456,0.026655202063628546
63,0.2952493551160791,0.20206362854686155
64,0.003116938950988822,0.0045141874462596735
65,0.13402837489251934,0.1362854686156492
66,0.2504299226139295,0.21345657781599311
67,0.045464316423043855,0.024613069647463456
68,0.011607910576096303,0.005803955288048152
69,0.01117798796216681,0.05148323301805675
70,0.02128116938950989,0.15015047291487532
71,0.3316852966466036,0.28073946689595874
72,0.026870163370593295,0.18733877901977644
73,0.007416165090283749,0.010748065348237317
74,0.003116938950988822,0.008598452278589854
75,0.03901547721410146,0.012360275150472914
76,0.0781384350816853,0.0885640584694755
77,0.06395098882201204,0.0308469475494411
78,0.038800515907136714,0.0017196904557179708
79,0.06137145313843508,0.008383490971625107
80,0.022248495270851248,0.008598452278589854
81,0.003761822871883061,0.0033319002579535683
82,0.0628761822871883,0.04600171969045572
83,0.038478073946689596,0.003869303525365434
84,0.04675408426483233,0.03654342218400688
85,0.022248495270851248,0.01257523645743766
86,0.0032244196044711954,0.008276010318142735
87,0.012252794496990542,0.015154772141014617
88,0.15659931212381772,0.16100601891659502
89,0.009565778159931213,0.005696474634565778
90,0.02343078245915735,0.002687016337059329
91,0.12833190025795357,0.13811263972484952
92,0.02708512467755804,0.014294926913155632
93,0.026010318142734308,0.0069862424763542565
94,0.0044067067927773,0.01214531384350817
95,0.037403267411865865,0.010640584694754944
96,0.028267411865864144,0.005051590713671539
97,0.07244196044711952,0.006126397248495271
98,0.053955288048151334,0.008061049011177988
99,0.08297506448839209,0.06782029234737748
100,0.04460447119518487,0.04739896818572657
101,0.12919174548581255,0.0741616509028375
102,0.00978073946689596,0.046969045571797076
103,0.012467755803955288,0.007093723129836629
104,0.03514617368873603,0.024828030954428204
105,0.0005374032674118659,0.0069862424763542565
106,0.025257953568357694,0.0088134135855546
107,0.04138005159071367,0.003869303525365434
108,0.15122527944969905,0.0616938950988822
109,0.13026655202063628,0.07792347377472054
110,0.1217755803955288,0.026977644024075667
111,0.034931212381771284,0.011607910576096303
112,0.014724849527085125,0.009673258813413585
113,0.018701633705932932,0.009673258813413585
114,0.12446259673258814,0.08662940670679278
115,0.09587274290627687,0.11661650902837489
116,0.056964746345657784,0.006126397248495271
117,0.011715391229578676,0.012360275150472914
118,0.027192605331040412,0.006878761822871883
119,0.012252794496990542,0.009243336199484092
120,0.01633705932932072,0.005159071367153913
121,0.020528804815133275,0.0176268271711092
122,0.0005374032674118659,0.004729148753224419
123,0.038370593293207224,0.003116938950988822
124,0.03675838349097162,0.017196904557179708
125,0.0017196904557179708,0.0069862424763542565
126,0.00010748065348237318,0.005266552020636285
127,0.03202923473774721,0.022785898538263114
128,0.0885640584694755,0.0069862424763542565
129,0.03417884780739467,0.025472914875322442
130,0.003116938950988822,0.007308684436801376
131,0.02300085984522786,0.0025795356835769563
132,0.04911865864144454,0.017196904557179708
133,0.10866294067067928,0.036006018916595016
134,0.0013972484952708513,0.019024075666380053
135,0.07125967325881341,0.02880481513327601
136,0.013435081685296647,0.005481513327601032
137,0.004944110060189166,0.004191745485812554
138,0.00408426483233018,0.013757523645743766
139,0.0027944969905417025,0.007093723129836629
140,0.0045141874462596735,0.005588993981083405
141,0.007738607050730868,0.00816852966466036
142,0.004836629406706793,0.009888220120378332
143,0.0012897678417884782,0.007201203783319002
144,0.06717540842648323,0.006126397248495271
145,0.004944110060189166,0.006233877901977644
146,0.006126397248495271,0.00677128116938951
147,0.0004299226139294927,0.02106620808254514
148,0.0017196904557179708,0.008383490971625107
149,0.03116938950988822,0.005374032674118658
150,0.023753224419604473,0.007523645743766122
151,0.0005374032674118659,0.0007523645743766122
152,0.023215821152192607,0.02128116938950989
153,0.0396603611349957,0.023645743766122097
154,0.0044067067927773,0.014079965606190886
155,0.026010318142734308,0.012790197764402407
156,0.0007523645743766122,0.0176268271711092
157,0.00032244196044711954,0.0021496130696474634
158,0.010855546001719691,0.02138865004299226
159,0.02880481513327601,0.012467755803955288
160,0.003869303525365434,0.006233877901977644
161,0.007738607050730868,0.003116938950988822
162,0.0034393809114359416,0.01117798796216681
163,0.048473774720550304,0.0030094582975064487
164,0.04062768701633706,0.011285468615649183
165,0.002901977644024076,0.005374032674118658
166,0.016444539982803097,0.08684436801375753
167,0.0025795356835769563,0.002472055030094583
168,0.0452493551160791,0.014187446259673258
169,0.029234737747205503,0.016981943250214963
170,0.04320722269991401,0.0176268271711092
171,0.02633276010318143,0.018056749785038694
172,0.0005374032674118659,0.017196904557179708
173,0.0010748065348237317,0.005696474634565778
174,0.009458297506448839,0.005803955288048152
175,0.05417024935511608,0.06760533104041272
176,0.004729148753224419,0.012790197764402407
177,0.0132201203783319,0.008061049011177988
178,0.02515047291487532,0.006126397248495271
179,0.025580395528804815,0.005051590713671539
180,0.052450558899398106,0.005588993981083405
181,0.009565778159931213,0.00677128116938951
182,0.004729148753224419,0.007523645743766122
183,0.0010748065348237317,0.00677128116938951
184,0.007416165090283749,0.007416165090283749
185,0.015477214101461736,0.004729148753224419
186,0.013435081685296647,0.02063628546861565
187,0.028697334479793637,0.01053310404127257
188,0.030954428202923472,0.00978073946689596
189,0.008920894239036973,0.007631126397248496
190,0.01493981083404987,0.0033319002579535683
191,0.003654342218400688,0.008920894239036973
192,0.00913585554600172,0.013972484952708513
193,0.0044067067927773,0.003869303525365434
194,0.005696474634565778,0.008490971625107481
195,0.018916595012897677,0.00677128116938951
196,0.0032244196044711954,0.007523645743766122
197,0.0007523645743766122,0.0011822871883061048
198,0.017734307824591573,0.04374462596732588
199,0.0015047291487532244,0.014402407566638005
200,0.0069862424763542565,0.019453998280309543
201,0.005266552020636285,0.01354256233877902
202,0.003116938950988822,0.007846087704213241
203,0.025257953568357694,0.0032244196044711954
204,0.002901977644024076,0.0005374032674118659
205,0.006126397248495271,0.0060189165950128975
206,0.0045141874462596735,0.008705932932072226
207,0.013650042992261392,0.008276010318142735
208,0.011392949269131557,0.012682717110920035
209,0.007631126397248496,0.02332330180567498
210,0.006448839208942391,0.0033319002579535683
211,0.007093723129836629,0.013112639724849526
212,0.055460017196904556,0.0015047291487532244
213,0.010425623387790198,0.013865004299226139
214,0.004836629406706793,0.0044067067927773
215,0.0016122098022355977,0.012790197764402407
216,0.0005374032674118659,0.014724849527085125
217,0.0010748065348237317,0.007738607050730868
218,0.005159071367153913,0.017196904557179708
219,0.008383490971625107,0.007308684436801376
220,0.017734307824591573,0.006878761822871883
221,0.062123817712811696,0.013112639724849526
222,0.055030094582975066,0.02504299226139295
223,0.0009673258813413585,0.003869303525365434
224,0.002472055030094583,0.013005159071367154
225,0.010425623387790198,0.004944110060189166
226,0.021711092003439382,0.011607910576096303
227,0.001827171109200344,0.007201203783319002
228,0.0030094582975064487,0.0066638005159071366
229,0.007416165090283749,0.008383490971625107
230,0.007416165090283749,0.01633705932932072
231,0.003869303525365434,0.007631126397248496
232,0.0035468615649183145,0.014509888220120379
233,0.0007523645743766122,0.007846087704213241
234,0.005911435941530524,0.012252794496990542
235,0.0023645743766122097,0.015692175408426483
236,0.0010748065348237317,0.00978073946689596
237,0.00913585554600172,0.0088134135855546
238,0.02783748925193465,0.020528804815133275
239,0.01859415305245056,0.009243336199484092
240,0.007953568357695616,0.007416165090283749
241,0.0063413585554600175,0.007308684436801376
242,0.015692175408426483,0.0132201203783319
243,0.039445399828030955,0.010103181427343079
244,0.02708512467755804,0.010103181427343079
245,0.0013972484952708513,0.009995700773860704
246,0.013865004299226139,0.0044067067927773
247,0.0045141874462596735,0.0032244196044711954
248,0.017949269131556318,0.005481513327601032
249,0.009565778159931213,0.0005374032674118659
250,0.0011822871883061048,0.006556319862424763
251,0.004836629406706793,0.0132201203783319
252,0.013650042992261392,0.0045141874462596735
253,0.004299226139294927,0.014617368873602751
254,0.005696474634565778,0.004836629406706793
255,0.0733018056749785,0.007416165090283749
256,0.010748065348237317,0.008490971625107481
257,0.0004299226139294927,0.0030094582975064487
258,0.0007523645743766122,0.007631126397248496
259,0.0033319002579535683,0.011285468615649183
260,0.0004299226139294927,0.007416165090283749
261,0.0006448839208942391,0.0010748065348237317
262,0.0017196904557179708,0.0045141874462596735
263,0.01354256233877902,0.009888220120378332
264,0.020421324161650902,0.008705932932072226
265,0.006448839208942391,0.005803955288048152
266,0.013865004299226139,0.002901977644024076
267,0.04481943250214961,0.0023645743766122097
268,0.0022570937231298368,0.0066638005159071366
269,0.010748065348237317,0.013865004299226139
270,0.0021496130696474634,0.0044067067927773
271,0.011822871883061048,0.017196904557179708
272,0.035361134995700774,0.027730008598452278
273,0.03729578675838349,0.015262252794496991
274,0.015154772141014617,0.019453998280309543
275,0.012252794496990542,0.011822871883061048
276,0.030417024935511607,0.008705932932072226
277,0.01590713671539123,0.01214531384350817
278,0.015154772141014617,0.007201203783319002
279,0.004729148753224419,0.010318142734307825
280,0.00021496130696474635,0.006448839208942391
281,0.0,0.00913585554600172
282,0.01590713671539123,0.011715391229578676
283,0.04030524505588994,0.019239036973344798
284,0.005481513327601032,0.016981943250214963
285,0.010748065348237317,0.0044067067927773
286,0.016874462596732587,0.0021496130696474634
287,0.02267841788478074,0.014402407566638005
288,0.016122098022355976,0.002901977644024076
289,0.0008598452278589854,0.010210662080825451
290,0.005266552020636285,0.006878761822871883
291,0.0063413585554600175,0.004191745485812554
292,0.022570937231298365,0.009458297506448839
293,0.018916595012897677,0.004729148753224419
294,0.03901547721410146,0.023538263112639724
295,0.034823731728288905,0.016766981943250214
296,0.05266552020636286,0.011285468615649183
297,0.008490971625107481,0.009565778159931213
298,0.002687016337059329,0.00677128116938951
299,0.002687016337059329,0.009350816852966466
300,0.016981943250214963,0.002472055030094583
301,0.001827171109200344,0.00677128116938951
302,0.0,0.007523645743766122
303,0.008276010318142735,0.0060189165950128975
304,0.014832330180567498,0.01053310404127257
305,0.0007523645743766122,0.008598452278589854
306,0.00032244196044711954,0.011930352536543423
307,0.008490971625107481,0.0008598452278589854
308,0.019883920894239036,0.007631126397248496
309,0.014509888220120379,0.01257523645743766
310,0.013112639724849526,0.012252794496990542
311,0.002472055030094583,0.023968185726569217
312,0.005803955288048152,0.012682717110920035
313,0.013327601031814273,0.005696474634565778
314,0.006878761822871883,0.004729148753224419
315,0.03471625107480653,0.0132201203783319
316,0.00021496130696474635,0.005911435941530524
317,0.002901977644024076,0.004836629406706793
318,0.0015047291487532244,0.007201203783319002
319,0.0012897678417884782,0.005159071367153913
320,0.0009673258813413585,0.00032244196044711954
321,0.0008598452278589854,0.0060189165950128975
322,0.0021496130696474634,0.015154772141014617
323,0.0033319002579535683,0.002901977644024076
324,0.012037833190025795,0.007093723129836629
325,0.0069862424763542565,0.010210662080825451
326,0.01956147893379192,0.004299226139294927
327,0.01150042992261393,0.013005159071367154
328,0.013112639724849526,0.0015047291487532244
329,0.0006448839208942391,0.01117798796216681
330,0.009028374892519347,0.0011822871883061048
331,0.0008598452278589854,0.004729148753224419
332,0.0033319002579535683,0.012682717110920035
333,0.006556319862424763,0.004299226139294927
334,0.0007523645743766122,0.004729148753224419
335,0.002901977644024076,0.0044067067927773
336,0.014509888220120379,0.008276010318142735
337,0.0045141874462596735,0.004836629406706793
338,0.004944110060189166,0.007201203783319002
339,0.0013972484952708513,0.007416165090283749
340,0.0006448839208942391,0.007738607050730868
341,0.0009673258813413585,0.007738607050730868
342,0.0009673258813413585,0.012037833190025795
343,0.01493981083404987,0.004621668099742046
344,0.00204213241616509,0.014079965606190886
345,0.03557609630266552,0.0280524505588994
346,0.0045141874462596735,0.007846087704213241
347,0.011070507308684438,0.005481513327601032
348,0.00978073946689596,0.0066638005159071366
349,0.0007523645743766122,0.002901977644024076
350,0.0013972484952708513,0.0032244196044711954
351,0.0022570937231298368,0.0032244196044711954
352,0.0308469475494411,0.003761822871883061
353,0.0032244196044711954,0.0035468615649183145
354,0.0004299226139294927,0.014079965606190886
355,0.003116938950988822,0.0025795356835769563
356,0.0010748065348237317,0.009565778159931213
357,0.005911435941530524,0.005911435941530524
358,0.010425623387790198,0.001934651762682717
359,0.0034393809114359416,0.004191745485812554
360,0.004729148753224419,0.0044067067927773
361,0.00032244196044711954,0.007201203783319002
362,0.0013972484952708513,0.006556319862424763
363,0.004621668099742046,0.003869303525365434
364,0.01934651762682717,0.0011822871883061048
365,0.0006448839208942391,0.01117798796216681
366,0.0008598452278589854,0.0088134135855546
367,0.00204213241616509,0.0035468615649183145
368,0.001827171109200344,0.008383490971625107
369,0.002687016337059329,0.008920894239036973
370,0.004621668099742046,0.005374032674118658
371,0.028697334479793637,0.004621668099742046
372,0.009243336199484092,0.0015047291487532244
373,0.0025795356835769563,0.00677128116938951
374,0.005803955288048152,0.008276010318142735
375,0.00204213241616509,0.005696474634565778
376,0.0005374032674118659,0.008276010318142735
377,0.00408426483233018,0.003116938950988822
378,0.0012897678417884782,0.009350816852966466
379,0.00204213241616509,0.004191745485812554
380,0.0009673258813413585,0.008705932932072226
381,0.0013972484952708513,0.0045141874462596735
382,0.00204213241616509,0.009565778159931213
383,0.015154772141014617,0.002472055030094583
384,0.0017196904557179708,0.011715391229578676
385,0.005588993981083405,0.009673258813413585
386,0.006126397248495271,0.0063413585554600175
387,0.007631126397248496,0.0005374032674118659
388,0.007953568357695616,0.003654342218400688
389,0.0008598452278589854,0.003116938950988822
390,0.0007523645743766122,0.011822871883061048
391,0.00010748065348237318,0.0017196904557179708
392,0.0004299226139294927,0.010103181427343079
393,0.006448839208942391,0.008598452278589854
394,0.0033319002579535683,0.0013972484952708513
395,0.0005374032674118659,0.012252794496990542
396,0.001934651762682717,0.001934651762682717
397,0.0005374032674118659,0.004191745485812554
398,0.002901977644024076,0.013650042992261392
399,0.00032244196044711954,0.004944110060189166
400,0.0008598452278589854,0.006878761822871883
401,0.005696474634565778,0.008061049011177988
402,0.0,0.0033319002579535683
403,0.0023645743766122097,0.024720550300945828
404,0.003869303525365434,0.004299226139294927
405,0.00408426483233018,0.008490971625107481
406,0.0060189165950128975,0.01590713671539123
407,0.0017196904557179708,0.012037833190025795
408,0.0008598452278589854,0.008276010318142735
409,0.012037833190025795,0.008920894239036973
410,0.0015047291487532244,0.0060189165950128975
411,0.001827171109200344,0.00204213241616509
412,0.003761822871883061,0.010963026655202063
413,0.002687016337059329,0.009243336199484092
414,0.00816852966466036,0.010748065348237317
415,0.0004299226139294927,0.010748065348237317
416,0.0032244196044711954,0.008490971625107481
417,0.003976784178847808,0.009458297506448839
418,0.0045141874462596735,0.0032244196044711954
419,0.002472055030094583,0.005696474634565778
420,0.0011822871883061048,0.019024075666380053
421,0.00010748065348237318,0.010640584694754944
422,0.0005374032674118659,0.001827171109200344
423,0.005696474634565778,0.004729148753224419
424,0.0006448839208942391,0.0063413585554600175
425,0.0005374032674118659,0.004836629406706793
426,0.005481513327601032,0.009673258813413585
427,0.008276010318142735,0.002687016337059329
428,0.007308684436801376,0.0035468615649183145
429,0.002472055030094583,0.004944110060189166
430,0.004191745485812554,0.01493981083404987
431,0.0022570937231298368,0.0176268271711092
432,0.005266552020636285,0.01150042992261393
433,0.0032244196044711954,0.005159071367153913
434,0.005588993981083405,0.007738607050730868
435,0.011607910576096303,0.00032244196044711954
436,0.02138865004299226,0.005911435941530524
437,0.010963026655202063,0.012682717110920035
438,0.009673258813413585,0.0030094582975064487
439,0.004836629406706793,0.005588993981083405
440,0.00021496130696474635,0.0060189165950128975
441,0.00010748065348237318,0.0008598452278589854
442,0.005803955288048152,0.0032244196044711954
443,0.003116938950988822,0.007523645743766122
444,0.006878761822871883,0.0044067067927773
445,0.0010748065348237317,0.008061049011177988
446,0.01655202063628547,0.0034393809114359416
447,0.007093723129836629,0.004729148753224419
448,0.00408426483233018,0.006233877901977644
449,0.00408426483233018,0.004299226139294927
450,0.0005374032674118659,0.007416165090283749
451,0.005481513327601032,0.0035468615649183145
452,0.0016122098022355977,0.00677128116938951
453,0.0011822871883061048,0.003654342218400688
454,0.0060189165950128975,0.007738607050730868
455,0.0034393809114359416,0.011822871883061048
456,0.00204213241616509,0.005051590713671539
457,0.006556319862424763,0.0063413585554600175
458,0.0045141874462596735,0.013972484952708513
459,0.007308684436801376,0.013327601031814273
460,0.0007523645743766122,0.008490971625107481
461,0.0013972484952708513,0.012897678417884782
462,0.004944110060189166,0.0025795356835769563
463,0.0021496130696474634,0.017949269131556318
464,0.00010748065348237318,0.009028374892519347
465,0.0,0.0066638005159071366
466,0.00010748065348237318,0.012897678417884782
467,0.0017196904557179708,0.013112639724849526
468,0.004836629406706793,0.007308684436801376
469,0.0025795356835769563,0.0030094582975064487
470,0.007953568357695616,0.007416165090283749
471,0.0009673258813413585,0.007631126397248496
472,0.00021496130696474635,0.0069862424763542565
473,0.010855546001719691,0.015369733447979364
474,0.0010748065348237317,0.005696474634565778
475,0.0012897678417884782,0.009565778159931213
476,0.0013972484952708513,0.0066638005159071366
477,0.0025795356835769563,0.002687016337059329
478,0.017949269131556318,0.018486672398968184
479,0.0027944969905417025,0.0066638005159071366
480,0.0011822871883061048,0.014294926913155632
481,0.0004299226139294927,0.0034393809114359416
482,0.00204213241616509,0.012897678417884782
483,0.001934651762682717,0.004621668099742046
484,0.0007523645743766122,0.013327601031814273
485,0.00204213241616509,0.007846087704213241
486,0.00032244196044711954,0.0069862424763542565
487,0.00032244196044711954,0.003761822871883061
488,0.00021496130696474635,0.010748065348237317
489,0.00032244196044711954,0.001934651762682717
490,0.008061049011177988,0.012252794496990542
491,0.0012897678417884782,0.006556319862424763
492,0.0008598452278589854,0.018809114359415305
493,0.010963026655202063,0.012037833190025795
494,0.001827171109200344,0.0016122098022355977
495,0.0021496130696474634,0.01214531384350817
496,0.0007523645743766122,0.009028374892519347
497,0.0005374032674118659,0.0027944969905417025
498,0.002901977644024076,0.015262252794496991
499,0.00010748065348237318,0.010103181427343079
500,0.0008598452278589854,0.004299226139294927
501,0.0015047291487532244,0.009243336199484092
502,0.0013972484952708513,0.005588993981083405
503,0.00021496130696474635,0.006448839208942391
504,0.00032244196044711954,0.015262252794496991
505,0.006233877901977644,0.007416165090283749
506,0.0013972484952708513,0.008598452278589854
507,0.0025795356835769563,0.005266552020636285
508,0.0013972484952708513,0.005374032674118658
509,0.007631126397248496,0.006556319862424763
510,0.0013972484952708513,0.0045141874462596735
511,0.0013972484952708513,0.0044067067927773
512,0.006448839208942391,0.008920894239036973
513,0.0063413585554600175,0.005803955288048152
514,0.005374032674118658,0.003761822871883061
515,0.002472055030094583,0.005481513327601032
516,0.0007523645743766122,0.005266552020636285
517,0.0,0.01730438521066208
518,0.0015047291487532244,0.01150042992261393
519,0.0006448839208942391,0.009565778159931213
520,0.006448839208942391,0.006126397248495271
521,0.010640584694754944,0.015262252794496991
522,0.009458297506448839,0.015799656061908855
523,0.00010748065348237318,0.00816852966466036
524,0.002472055030094583,0.00032244196044711954
525,0.00021496130696474635,0.007201203783319002
526,0.005159071367153913,0.003654342218400688
527,0.0025795356835769563,0.016874462596732587
528,0.0011822871883061048,0.0023645743766122097
529,0.0005374032674118659,0.005803955288048152
530,0.0006448839208942391,0.005588993981083405
531,0.003116938950988822,0.007308684436801376
532,0.0016122098022355977,0.012252794496990542
533,0.005051590713671539,0.009350816852966466
534,0.004191745485812554,0.013972484952708513
535,0.00021496130696474635,0.011930352536543423
536,0.0011822871883061048,0.009243336199484092
537,0.005159071367153913,0.007201203783319002
538,0.02815993121238177,0.00816852966466036
539,0.007631126397248496,0.009028374892519347
540,0.0007523645743766122,0.01655202063628547
541,0.0033319002579535683,0.0017196904557179708
542,0.0032244196044711954,0.008705932932072226
543,0.0005374032674118659,0.00913585554600172
544,0.0035468615649183145,0.00816852966466036
545,0.0008598452278589854,0.01257523645743766
546,0.0006448839208942391,0.011715391229578676
547,0.003976784178847808,0.006556319862424763
548,0.00032244196044711954,0.010318142734307825
549,0.012252794496990542,0.01622957867583835
550,0.0013972484952708513,0.00677128116938951
551,0.0012897678417884782,0.013327601031814273
552,0.0004299226139294927,0.017196904557179708
553,0.0063413585554600175,0.014509888220120379
554,0.0007523645743766122,0.007631126397248496
555,0.0012897678417884782,0.016874462596732587
556,0.0032244196044711954,0.01214531384350817
557,0.001827171109200344,0.006448839208942391
558,0.0021496130696474634,0.009673258813413585
559,0.0007523645743766122,0.008383490971625107
560,0.0063413585554600175,0.007953568357695616
561,0.0030094582975064487,0.007308684436801376
562,0.0004299226139294927,0.015262252794496991
563,0.002472055030094583,0.011070507308684438
564,0.007201203783319002,0.00978073946689596
565,0.0004299226139294927,0.0063413585554600175
566,0.00021496130696474635,0.020206362854686157
567,0.0005374032674118659,0.005374032674118658
568,0.006878761822871883,0.009565778159931213
569,0.005696474634565778,0.002472055030094583
570,0.001934651762682717,0.005374032674118658
571,0.0022570937231298368,0.007201203783319002
572,0.0007523645743766122,0.014509888220120379
573,0.00021496130696474635,0.007308684436801376
574,0.0008598452278589854,0.0010748065348237317
575,0.005588993981083405,0.011392949269131557
576,0.0005374032674118659,0.0132201203783319
577,0.0017196904557179708,0.005696474634565778
578,0.0013972484952708513,0.00816852966466036
579,0.0007523645743766122,0.01633705932932072
580,0.0007523645743766122,0.010963026655202063
581,0.00204213241616509,0.009458297506448839
582,0.0012897678417884782,0.014294926913155632
583,0.0006448839208942391,0.004836629406706793
584,0.001827171109200344,0.011715391229578676
585,0.0021496130696474634,0.01493981083404987
586,0.0005374032674118659,0.009458297506448839
587,0.002472055030094583,0.01053310404127257
588,0.0008598452278589854,0.00021496130696474635
589,0.0,0.006556319862424763
590,0.0004299226139294927,0.007201203783319002
591,0.0013972484952708513,0.014402407566638005
592,0.0005374032674118659,0.0027944969905417025
593,0.00032244196044711954,0.003976784178847808
594,0.0013972484952708513,0.010210662080825451
595,0.0006448839208942391,0.004729148753224419
596,0.003654342218400688,0.010103181427343079
597,0.0066638005159071366,0.008276010318142735
598,0.00204213241616509,0.007093723129836629
599,0.0006448839208942391,0.006448839208942391
600,0.0005374032674118659,0.007738607050730868
601,0.004299226139294927,0.009458297506448839
602,0.0012897678417884782,0.0021496130696474634
603,0.0017196904557179708,0.00677128116938951
604,0.00021496130696474635,0.01053310404127257
605,0.0,0.010855546001719691
606,0.002472055030094583,0.004944110060189166
607,0.0015047291487532244,0.0025795356835769563
608,0.0009673258813413585,0.0030094582975064487
609,0.0007523645743766122,0.005159071367153913
610,0.001934651762682717,0.003869303525365434
611,0.00408426483233018,0.014832330180567498
612,0.0008598452278589854,0.01150042992261393
613,0.0,0.006233877901977644
614,0.002472055030094583,0.019883920894239036
615,0.00021496130696474635,0.00204213241616509
616,0.012897678417884782,0.011930352536543423
617,0.005051590713671539,0.009243336199484092
618,0.0007523645743766122,0.010963026655202063
619,0.003761822871883061,0.005911435941530524
620,0.0017196904557179708,0.0035468615649183145
621,0.0011822871883061048,0.003654342218400688
622,0.0034393809114359416,0.003761822871883061
623,0.0015047291487532244,0.0045141874462596735
624,0.0030094582975064487,0.008490971625107481
625,0.00010748065348237318,0.006556319862424763
626,0.0012897678417884782,0.006448839208942391
627,0.00032244196044711954,0.016981943250214963
628,0.0022570937231298368,0.0060189165950128975
629,0.0,0.002901977644024076
630,0.0007523645743766122,0.00913585554600172
631,0.003761822871883061,0.013005159071367154
632,0.0007523645743766122,0.011715391229578676
633,0.00032244196044711954,0.015154772141014617
634,0.00010748065348237318,0.008920894239036973
635,0.0,0.004299226139294927
636,0.0004299226139294927,0.012252794496990542
637,0.0022570937231298368,0.001934651762682717
638,0.00021496130696474635,0.00408426483233018
639,0.00032244196044711954,0.0004299226139294927
640,0.0,0.010963026655202063
641,0.0016122098022355977,0.011285468615649183
642,0.00021496130696474635,0.005911435941530524
643,0.0008598452278589854,0.007416165090283749
644,0.0007523645743766122,0.012360275150472914
645,0.00032244196044711954,0.008705932932072226
646,0.0011822871883061048,0.0022570937231298368
647,0.0012897678417884782,0.015692175408426483
648,0.0007523645743766122,0.006233877901977644
649,0.0006448839208942391,0.018809114359415305
650,0.00010748065348237318,0.0033319002579535683
651,0.0006448839208942391,0.003976784178847808
652,0.0004299226139294927,0.011285468615649183
653,0.00021496130696474635,0.004621668099742046
654,0.0005374032674118659,0.0015047291487532244
655,0.0010748065348237317,0.012252794496990542
656,0.0,0.009028374892519347
657,0.0,0.007523645743766122
658,0.0011822871883061048,0.005266552020636285
659,0.00021496130696474635,0.003654342218400688
660,0.0006448839208942391,0.007953568357695616
661,0.0023645743766122097,0.00816852966466036
662,0.0015047291487532244,0.007846087704213241
663,0.0016122098022355977,0.008705932932072226
664,0.0010748065348237317,0.010640584694754944
665,0.0005374032674118659,0.005374032674118658
666,0.00010748065348237318,0.003116938950988822
667,0.0009673258813413585,0.0025795356835769563
668,0.0010748065348237317,0.012682717110920035
669,0.001827171109200344,0.010425623387790198
670,0.004944110060189166,0.00913585554600172
671,0.00010748065348237318,0.011822871883061048
672,0.0011822871883061048,0.01117798796216681
673,0.0,0.009673258813413585
674,0.0005374032674118659,0.009028374892519347
675,0.0007523645743766122,0.005588993981083405
676,0.00021496130696474635,0.004621668099742046
677,0.0009673258813413585,0.01117798796216681
678,0.00021496130696474635,0.0060189165950128975
679,0.0,0.01053310404127257
680,0.00032244196044711954,0.0044067067927773
681,0.0006448839208942391,0.017734307824591573
682,0.00010748065348237318,0.00677128116938951
683,0.0006448839208942391,0.014187446259673258
684,0.00021496130696474635,0.013865004299226139
685,0.0017196904557179708,0.007201203783319002
686,0.0011822871883061048,0.0027944969905417025
687,0.0004299226139294927,0.007416165090283749
688,0.0,0.008276010318142735
689,0.0005374032674118659,0.005159071367153913
690,0.00032244196044711954,0.0016122098022355977
691,0.0006448839208942391,0.00816852966466036
692,0.00021496130696474635,0.0023645743766122097
693,0.0,0.003976784178847808
694,0.0,0.010748065348237317
695,0.0006448839208942391,0.010103181427343079
696,0.0023645743766122097,0.00677128116938951
697,0.0022570937231298368,0.004729148753224419
698,0.0013972484952708513,0.010963026655202063
699,0.0005374032674118659,0.011715391229578676
700,0.0017196904557179708,0.01622957867583835
701,0.0007523645743766122,0.004191745485812554
702,0.00021496130696474635,0.010318142734307825
703,0.0,0.017089423903697335
704,0.0,0.002901977644024076
705,0.0,0.004621668099742046
706,0.0022570937231298368,0.009458297506448839
707,0.0,0.008920894239036973
708,0.00032244196044711954,0.007523645743766122
709,0.0004299226139294927,0.007953568357695616
710,0.0,0.0063413585554600175
711,0.00021496130696474635,0.0044067067927773
712,0.0021496130696474634,0.0023645743766122097
713,0.0,0.01117798796216681
714,0.0013972484952708513,0.010210662080825451
715,0.0005374032674118659,0.004299226139294927
716,0.0006448839208942391,0.006556319862424763
717,0.0015047291487532244,0.011715391229578676
718,0.0,0.005481513327601032
719,0.002472055030094583,0.007738607050730868
720,0.00010748065348237318,0.009028374892519347
721,0.0,0.005481513327601032
722,0.0011822871883061048,0.011070507308684438
723,0.0013972484952708513,0.007093723129836629
724,0.0004299226139294927,0.0066638005159071366
725,0.00021496130696474635,0.009243336199484092
726,0.0011822871883061048,0.0023645743766122097
727,0.00032244196044711954,0.009565778159931213
728,0.0,0.01214531384350817
729,0.00021496130696474635,0.008598452278589854
730,0.0,0.0088134135855546
731,0.0012897678417884782,0.011070507308684438
732,0.00032244196044711954,0.00978073946689596
733,0.0011822871883061048,0.008920894239036973
734,0.00021496130696474635,0.01214531384350817
735,0.0012897678417884782,0.012682717110920035
736,0.001827171109200344,0.0032244196044711954
737,0.0006448839208942391,0.003116938950988822
738,0.00010748065348237318,0.012252794496990542
739,0.00032244196044711954,0.014187446259673258
740,0.00010748065348237318,0.0009673258813413585
741,0.0005374032674118659,0.00677128116938951
742,0.00010748065348237318,0.00408426483233018
743,0.0,0.0044067067927773
744,0.0012897678417884782,0.0009673258813413585
745,0.0011822871883061048,0.007846087704213241
746,0.00032244196044711954,0.005696474634565778
747,0.0008598452278589854,0.008490971625107481
748,0.0008598452278589854,0.011285468615649183
749,0.0006448839208942391,0.005696474634565778
750,0.0,0.01558469475494411
751,0.0025795356835769563,0.007953568357695616
752,0.00021496130696474635,0.009995700773860704
753,0.00032244196044711954,0.0011822871883061048
754,0.0017196904557179708,0.005374032674118658
755,0.00032244196044711954,0.0069862424763542565
756,0.0004299226139294927,0.007953568357695616
757,0.0,0.011285468615649183
758,0.00032244196044711954,0.007308684436801376
759,0.0004299226139294927,0.0030094582975064487
760,0.00010748065348237318,0.0066638005159071366
761,0.0006448839208942391,0.01053310404127257
762,0.0004299226139294927,0.006126397248495271
763,0.0007523645743766122,0.013112639724849526
764,0.00021496130696474635,0.009243336199484092
765,0.00032244196044711954,0.00913585554600172
766,0.0013972484952708513,0.011285468615649183
767,0.001934651762682717,0.007201203783319002
768,0.00032244196044711954,0.009565778159931213
769,0.00032244196044711954,0.012682717110920035
770,0.00021496130696474635,0.007093723129836629
771,0.00021496130696474635,0.004191745485812554
772,0.00010748065348237318,0.009888220120378332
773,0.0,0.001827171109200344
774,0.0,0.011070507308684438
775,0.0,0.005696474634565778
776,0.0004299226139294927,0.004191745485812554
777,0.0030094582975064487,0.005696474634565778
778,0.0008598452278589854,0.014187446259673258
779,0.0006448839208942391,0.002472055030094583
780,0.00010748065348237318,0.006233877901977644
781,0.00021496130696474635,0.003761822871883061
782,0.0004299226139294927,0.014294926913155632
783,0.00021496130696474635,0.007631126397248496
784,0.0,0.013435081685296647
785,0.0,0.006233877901977644
786,0.0008598452278589854,0.019883920894239036
787,0.0,0.00978073946689596
788,0.00010748065348237318,0.004621668099742046
789,0.00032244196044711954,0.007631126397248496
790,0.0012897678417884782,0.005374032674118658
791,0.0,0.011070507308684438
792,0.0004299226139294927,0.011822871883061048
793,0.00021496130696474635,0.008276010318142735
794,0.0,0.0025795356835769563
795,0.00010748065348237318,0.011070507308684438
796,0.00010748065348237318,0.00913585554600172
797,0.0,0.0060189165950128975
798,0.0007523645743766122,0.002472055030094583
799,0.0006448839208942391,0.009350816852966466
800,0.0,0.010103181427343079
801,0.0,0.007093723129836629
802,0.00032244196044711954,0.012682717110920035
803,0.00032244196044711954,0.012467755803955288
804,0.00021496130696474635,0.009888220120378332
805,0.0007523645743766122,0.003869303525365434
806,0.00010748065348237318,0.006448839208942391
807,0.00021496130696474635,0.010318142734307825
808,0.00010748065348237318,0.019453998280309543
809,0.0,0.002687016337059329
810,0.00010748065348237318,0.004299226139294927
811,0.0,0.006556319862424763
812,0.00010748065348237318,0.003654342218400688
813,0.0,0.014187446259673258
814,0.0007523645743766122,0.009350816852966466
815,0.0004299226139294927,0.02063628546861565
816,0.00032244196044711954,0.012467755803955288
817,0.00021496130696474635,0.015692175408426483
818,0.0011822871883061048,0.015262252794496991
819,0.0007523645743766122,0.002472055030094583
820,0.00021496130696474635,0.00677128116938951
821,0.00032244196044711954,0.007093723129836629
822,0.0004299226139294927,0.01150042992261393
823,0.0,0.005696474634565778
824,0.0,0.00677128116938951
825,0.0006448839208942391,0.005696474634565778
826,0.00010748065348237318,0.006556319862424763
827,0.00021496130696474635,0.005051590713671539
828,0.0011822871883061048,0.004944110060189166
829,0.0,0.008598452278589854
830,0.00010748065348237318,0.007523645743766122
831,0.0,0.013865004299226139
832,0.0004299226139294927,0.0034393809114359416
833,0.0,0.006878761822871883
834,0.0005374032674118659,0.004944110060189166
835,0.0013972484952708513,0.007093723129836629
836,0.00010748065348237318,0.010748065348237317
837,0.0004299226139294927,0.0066638005159071366
838,0.0,0.012467755803955288
839,0.0,0.0034393809114359416
840,0.0006448839208942391,0.011285468615649183
841,0.00021496130696474635,0.0027944969905417025
842,0.00021496130696474635,0.010748065348237317
843,0.0004299226139294927,0.01053310404127257
844,0.0,0.002901977644024076
845,0.0004299226139294927,0.022893379191745486
846,0.0008598452278589854,0.007093723129836629
847,0.00021496130696474635,0.005911435941530524
848,0.0,0.002687016337059329
849,0.0004299226139294927,0.005374032674118658
850,0.0004299226139294927,0.007308684436801376
851,0.00021496130696474635,0.004191745485812554
852,0.00021496130696474635,0.01655202063628547
853,0.00032244196044711954,0.0088134135855546
854,0.0006448839208942391,0.01999140154772141
855,0.0004299226139294927,0.01751934651762683
856,0.0,0.00408426483233018
857,0.00021496130696474635,0.00978073946689596
858,0.0,0.0034393809114359416
859,0.00010748065348237318,0.0025795356835769563
860,0.0,0.005911435941530524
861,0.00021496130696474635,0.012037833190025795
862,0.00010748065348237318,0.004299226139294927
863,0.00010748065348237318,0.010210662080825451
864,0.00021496130696474635,0.005481513327601032
865,0.00032244196044711954,0.008920894239036973
866,0.0,0.0045141874462596735
867,0.0007523645743766122,0.01730438521066208
868,0.00010748065348237318,0.005266552020636285
869,0.00021496130696474635,0.005159071367153913
870,0.0004299226139294927,0.007416165090283749
871,0.0006448839208942391,0.0032244196044711954
872,0.0045141874462596735,0.011930352536543423
873,0.00032244196044711954,0.001934651762682717
874,0.00021496130696474635,0.003116938950988822
875,0.0011822871883061048,0.003654342218400688
876,0.0006448839208942391,0.014832330180567498
877,0.0006448839208942391,0.010855546001719691
878,0.00010748065348237318,0.011822871883061048
879,0.00010748065348237318,0.010963026655202063
880,0.00010748065348237318,0.010210662080825451
881,0.00032244196044711954,0.005374032674118658
882,0.00010748065348237318,0.008276010318142735
883,0.00021496130696474635,0.008490971625107481
884,0.00032244196044711954,0.021173688736027516
885,0.0009673258813413585,0.007953568357695616
886,0.0,0.002901977644024076
887,0.0,0.010103181427343079
888,0.00021496130696474635,0.010855546001719691
889,0.00021496130696474635,0.0022570937231298368
890,0.0011822871883061048,0.0035468615649183145
891,0.00010748065348237318,0.007738607050730868
892,0.0,0.003976784178847808
893,0.0,0.0044067067927773
894,0.00010748065348237318,0.008383490971625107
895,0.00010748065348237318,0.008705932932072226
896,0.0,0.0063413585554600175
897,0.00021496130696474635,0.0012897678417884782
898,0.0,0.013112639724849526
899,0.00010748065348237318,0.0063413585554600175
900,0.0,0.004729148753224419
901,0.0011822871883061048,0.015154772141014617
902,0.00032244196044711954,0.00978073946689596
903,0.0,0.0021496130696474634
904,0.0,0.006556319862424763
905,0.00021496130696474635,0.008598452278589854
906,0.0,0.008920894239036973
907,0.00010748065348237318,0.010640584694754944
908,0.00032244196044711954,0.003654342218400688
909,0.00010748065348237318,0.0032244196044711954
910,0.0,0.010855546001719691
911,0.0,0.0005374032674118659
912,0.0004299226139294927,0.005374032674118658
913,0.00032244196044711954,0.01053310404127257
914,0.00032244196044711954,0.0069862424763542565
915,0.0005374032674118659,0.0007523645743766122
916,0.0,0.009673258813413585
917,0.00032244196044711954,0.008276010318142735
918,0.0,0.012467755803955288
919,0.0,0.006878761822871883
920,0.00010748065348237318,0.0015047291487532244
921,0.00032244196044711954,0.0063413585554600175
922,0.00021496130696474635,0.006556319862424763
923,0.00021496130696474635,0.003761822871883061
924,0.00010748065348237318,0.011930352536543423
925,0.00010748065348237318,0.0066638005159071366
926,0.0,0.013327601031814273
927,0.00032244196044711954,0.007631126397248496
928,0.00032244196044711954,0.0023645743766122097
929,0.0,0.0044067067927773
930,0.00021496130696474635,0.0044067067927773
931,0.00032244196044711954,0.007093723129836629
932,0.0,0.008383490971625107
933,0.0,0.007523645743766122
934,0.0,0.0045141874462596735
935,0.0,0.006556319862424763
936,0.0,0.0063413585554600175
937,0.00032244196044711954,0.0045141874462596735
938,0.00010748065348237318,0.00913585554600172
939,0.0,0.01859415305245056
940,0.0,0.0005374032674118659
941,0.00010748065348237318,0.001934651762682717
942,0.00021496130696474635,0.012037833190025795
943,0.0013972484952708513,0.011070507308684438
944,0.00010748065348237318,0.003976784178847808
945,0.0,0.010318142734307825
946,0.0,0.010210662080825451
947,0.00021496130696474635,0.01655202063628547
948,0.0,0.006126397248495271
949,0.0011822871883061048,0.0045141874462596735
950,0.0006448839208942391,0.01150042992261393
951,0.0,0.0069862424763542565
952,0.00010748065348237318,0.0066638005159071366
953,0.00032244196044711954,0.0088134135855546
954,0.0,0.006126397248495271
955,0.0,0.01257523645743766
956,0.0,0.00913585554600172
957,0.0,0.007201203783319002
958,0.0,0.0023645743766122097
959,0.00021496130696474635,0.008490971625107481
960,0.00021496130696474635,0.013112639724849526
961,0.00021496130696474635,0.012682717110920035
962,0.0,0.004621668099742046
963,0.00010748065348237318,0.0045141874462596735
964,0.0,0.007953568357695616
965,0.00010748065348237318,0.0034393809114359416
966,0.00032244196044711954,0.009995700773860704
967,0.00032244196044711954,0.008490971625107481
968,0.00010748065348237318,0.007523645743766122
969,0.0,0.0044067067927773
970,0.0,0.00816852966466036
971,0.0,0.022248495270851248
972,0.00010748065348237318,0.014509888220120379
973,0.00010748065348237318,0.013650042992261392
974,0.0,0.002901977644024076
975,0.0,0.001934651762682717
976,0.0,0.0008598452278589854
977,0.0,0.001934651762682717
978,0.00010748065348237318,0.0007523645743766122
979,0.0,0.009995700773860704
980,0.00021496130696474635,0.015369733447979364
981,0.0,0.004191745485812554
982,0.0,0.004621668099742046
983,0.0005374032674118659,0.007093723129836629
984,0.0,0.02063628546861565
985,0.00021496130696474635,0.0045141874462596735
986,0.0,0.0022570937231298368
987,0.00021496130696474635,0.008705932932072226
988,0.0,0.010425623387790198
989,0.0,0.00010748065348237318
990,0.0,0.001827171109200344
991,0.0006448839208942391,0.0034393809114359416
992,0.00010748065348237318,0.017411865864144453
993,0.0,0.004621668099742046
994,0.0,0.004836629406706793
995,0.0,0.003869303525365434
996,0.00021496130696474635,0.0069862424763542565
997,0.0,0.009458297506448839
998,0.0,0.0035468615649183145
999,0.0,0.003654342218400688
1000,0.00010748065348237318,0.003116938950988822
1001,0.0,0.006878761822871883
1002,0.0004299226139294927,0.0017196904557179708
1003,0.0,0.006126397248495271
1004,0.00010748065348237318,0.01354256233877902
1005,0.00010748065348237318,0.006233877901977644
1006,0.0,0.010640584694754944
1007,0.00010748065348237318,0.0132201203783319
1008,0.00010748065348237318,0.0025795356835769563
1009,0.00021496130696474635,0.0017196904557179708
1010,0.00010748065348237318,0.007523645743766122
1011,0.0007523645743766122,0.011392949269131557
1012,0.0009673258813413585,0.0023645743766122097
1013,0.00010748065348237318,0.005588993981083405
1014,0.00010748065348237318,0.007523645743766122
1015,0.00032244196044711954,0.014187446259673258
1016,0.00021496130696474635,0.005051590713671539
1017,0.00010748065348237318,0.005266552020636285
1018,0.00032244196044711954,0.014187446259673258
1019,0.00021496130696474635,0.0011822871883061048
1020,0.00021496130696474635,0.009673258813413585
1021,0.00010748065348237318,0.0030094582975064487
1022,0.00021496130696474635,0.003869303525365434
1023,0.00021496130696474635,0.0044067067927773
1024,0.00010748065348237318,0.0030094582975064487
1025,0.00010748065348237318,0.008276010318142735
1026,0.00032244196044711954,0.002472055030094583
1027,0.00021496130696474635,0.006878761822871883
1028,0.00021496130696474635,0.006448839208942391
1029,0.00021496130696474635,0.02128116938950989
1030,0.0004299226139294927,0.007093723129836629
1031,0.00021496130696474635,0.0030094582975064487
1032,0.00021496130696474635,0.0063413585554600175
1033,0.00010748065348237318,0.00913585554600172
1034,0.00010748065348237318,0.0012897678417884782
1035,0.00010748065348237318,0.0088134135855546
1036,0.00010748065348237318,0.003869303525365434
1037,0.00010748065348237318,0.0044067067927773
1038,0.00010748065348237318,0.01117798796216681
1039,0.00010748065348237318,0.003654342218400688
1040,0.00010748065348237318,0.009888220120378332
1041,0.00010748065348237318,0.00204213241616509
1042,0.0,0.011930352536543423
1043,0.0,0.014724849527085125
1044,0.0,0.004621668099742046
1045,0.0,0.0034393809114359416
1046,0.0,0.004299226139294927
1047,0.0,0.003869303525365434
1048,0.0,0.005696474634565778
1049,0.0,0.005051590713671539
1050,0.0,0.003976784178847808
1051,0.0,0.003116938950988822
1052,0.0,0.004836629406706793
1053,0.0,0.005803955288048152
1054,0.0,0.004836629406706793
1055,0.0,0.007953568357695616
1056,0.0,0.006126397248495271
1057,0.0,0.0034393809114359416
1058,0.0,0.008383490971625107
1059,0.0,0.010748065348237317
1060,0.0,0.02343078245915735
1061,0.0,0.005481513327601032
1062,0.0,0.006556319862424763
1063,0.0,0.004299226139294927
1064,0.0,0.007631126397248496
1065,0.0,0.0021496130696474634
1066,0.0,0.007738607050730868
1067,0.0,0.008705932932072226
1068,0.0,0.005588993981083405
1069,0.0,0.006126397248495271
1070,0.0,0.017841788478073946
